ticket_id,client_name,client_email,client_phone,company,priority,status,category,description,assigned_to,created_date
[NRP-1],[PERSON-1],[EMAIL-1],[PHONE-1],[ORGANIZATION-1],High,Waiting on Client,Hardware,Workstation [MAC_ADDRESS-1] assigned to [PERSON-1] is not receiving [ORGANIZATION-2] lease from [IP_ADDRESS-1]. Tried releasing/renewing. IT contact: [EMAIL-1].,[PERSON-2],2026-03-22
[ORGANIZATION-3],[PERSON-3],[EMAIL-2],[PHONE-2],[ORGANIZATION-4],Critical,Open,Software,Workstation [MAC_ADDRESS-2] assigned to [PERSON-3] is not receiving [ORGANIZATION-2] lease from [IP_ADDRESS-2]. Tried releasing/renewing. IT contact: [EMAIL-2].,[PERSON-4],2026-03-04
TK-0003,[PERSON-5],[EMAIL-3],[PHONE-3],[ORGANIZATION-5],Medium,Escalated,[ORGANIZATION-6],"New employee onboarding for [PERSON-5] at [ORGANIZATION-5]. Setup email [EMAIL-3], VPN access to [HOSTNAME-1], assign [ORGANIZATION-7] from [PHONE-4] range. Badge ID pending.",[PERSON-6],2026-01-26
TK-0004,[PERSON-7],[EMAIL-4],[PHONE-5],[ORGANIZATION-8],Medium,Open,Security,[PERSON-7] at [ORGANIZATION-8] needs access to [ORGANIZATION-9] for the audit. Current IP whitelist: [IP_ADDRESS-3]. Approve via [PERSON-8] ([EMAIL-5]). Phone: [PHONE-6].,[PERSON-4],2026-01-20
TK-0005,[PERSON-9],[EMAIL-6],[PHONE-7],[ORGANIZATION-10],Low,Open,[PERSON-10],[PERSON-9] from [ORGANIZATION-10] reports slow response on [ORGANIZATION-9]. Traceroute shows latency spike at [IP_ADDRESS-4]. Escalate to network team. Ref: [EMAIL-6].,[PERSON-2],2026-01-01
TK-0006,[PERSON-11],[EMAIL-7],[PHONE-8],[ORGANIZATION-1],High,Open,Security,Backup failure on [HOSTNAME-2] at 03:00 UTC. [PERSON-11] from [ORGANIZATION-1] needs recovery of files from [IP_ADDRESS-5]. Notify [PERSON-12] at [EMAIL-8].,[PERSON-2],2026-01-19
TK-0007,[PERSON-13],[EMAIL-9],[PHONE-9],[ORGANIZATION-11],Medium,In Progress,Network,"New employee onboarding for [PERSON-13] at [ORGANIZATION-11]. Setup email [EMAIL-9], VPN access to [ORGANIZATION-9], assign [ORGANIZATION-7] from [IP_ADDRESS-6]/24 range. Badge ID pending.",[PERSON-14],2026-01-16
TK-0008,[PERSON-15],[EMAIL-10],[PHONE-10],[ORGANIZATION-12],Critical,Resolved,Network,[PERSON-15] from [ORGANIZATION-12] reports slow response on [HOSTNAME-3]. Traceroute shows latency spike at [IP_ADDRESS-7]. Escalate to network team. Ref: [EMAIL-10].,[PERSON-16],2026-02-01
TK-0009,[PERSON-17],[EMAIL-11],[PHONE-11],[ORGANIZATION-10],Low,In Progress,Software,Certificate expiring on [HOSTNAME-4] in 7 days. Owner: [PERSON-17] ([EMAIL-11]). Renew and deploy. Load balancer at [IP_ADDRESS-8] also needs update.,[PERSON-18],2026-03-01
[LOCATION-1],[PERSON-19],[EMAIL-12],[PHONE-12],[ORGANIZATION-10],Low,Escalated,Hardware,Password reset requested for [PERSON-19] ([EMAIL-12]). Account locked after multiple failed attempts from [IP_ADDRESS-9]. Manager [PERSON-20] approved the reset.,[PERSON-18],2026-01-24
TK-0011,[PERSON-21],[EMAIL-13],[PHONE-13],[ORGANIZATION-13],High,In Progress,Network,[PERSON-21] at [ORGANIZATION-13] needs access to [HOSTNAME-3] for the audit. Current IP whitelist: [IP_ADDRESS-10]. Approve via [PERSON-22] ([EMAIL-14]). Phone: [PHONE-14].,[PERSON-2],2026-02-04
TK-0012,[PERSON-23],[EMAIL-15],[PHONE-15],[ORGANIZATION-12],High,Escalated,Software,[PERSON-23] at [ORGANIZATION-12] needs access to [ORGANIZATION-9] for the audit. Current IP whitelist: [IP_ADDRESS-11]. Approve via [PERSON-24] ([EMAIL-16]). Phone: [PHONE-16].,[PERSON-6],2026-01-15
TK-0013,[PERSON-25],[EMAIL-17],[PHONE-17],[ORGANIZATION-1],Medium,Waiting on Client,[ORGANIZATION-14],"Printer on [IP_ADDRESS-12] ([ORGANIZATION-15] [MAC_ADDRESS-3]) not reachable from [PERSON-26] workstation. Checked switch port, no link. Contact [EMAIL-17] to schedule on-site visit.",[PERSON-6],2026-01-01
TK-0014,[PERSON-27],[EMAIL-18],[PHONE-18],[ORGANIZATION-4],High,Open,[ORGANIZATION-14],[PERSON-28] reported VPN connectivity drops when connecting to [HOSTNAME-3]. Please check firewall rules for [IP_ADDRESS-13]. Contact: [EMAIL-18] / [PHONE-19].,[PERSON-18],2026-03-15
TK-0015,[PERSON-29],[EMAIL-19],[PHONE-20],[ORGANIZATION-10],Medium,Open,[ORGANIZATION-14],"Printer on [IP_ADDRESS-14] ([ORGANIZATION-15] [MAC_ADDRESS-4]) not reachable from [PERSON-30] workstation. Checked switch port, no link. Contact [EMAIL-19] to schedule on-site visit.",[PERSON-31],2026-03-10
TK-0016,[PERSON-32],[EMAIL-20],[PHONE-21],[ORGANIZATION-12],High,Escalated,Security,Client [PERSON-32] ([ORGANIZATION-12]) reported [ORGANIZATION-16] incorrectly charged. Transaction from [IP_ADDRESS-15]. Follow up at [EMAIL-20] or [PHONE-22].,[PERSON-6],2026-02-22
TK-0017,[PERSON-33],[EMAIL-21],[PHONE-23],[ORGANIZATION-10],Medium,Open,Hardware,[PERSON-33] at [ORGANIZATION-10] needs access to [HOSTNAME-5] for the audit. Current IP whitelist: [IP_ADDRESS-16]. Approve via [PERSON-34] ([EMAIL-22]). Phone: [PHONE-24].,[PERSON-35],2026-01-11
TK-0018,[PERSON-36],[EMAIL-23],[PHONE-25],[ORGANIZATION-17],Low,Escalated,Hardware,Workstation [MAC_ADDRESS-5] assigned to [PERSON-36] is not receiving [ORGANIZATION-2] lease from [IP_ADDRESS-17]. Tried releasing/renewing. IT contact: [EMAIL-23].,[PERSON-16],2026-02-08
TK-0019,[PERSON-37],[EMAIL-24],[PHONE-26],[ORGANIZATION-12],Low,In Progress,[ORGANIZATION-6],Certificate expiring on [HOSTNAME-2] in 7 days. Owner: [PERSON-37] ([EMAIL-24]). Renew and deploy. Load balancer at [IP_ADDRESS-18] also needs update.,[PERSON-16],2026-01-05
[ORGANIZATION-18],[PERSON-38],[EMAIL-25],[PHONE-27],[ORGANIZATION-13],Critical,Open,[ORGANIZATION-19],Client [PERSON-38] ([ORGANIZATION-13]) reported [ORGANIZATION-20] GB736149784036900343244510 incorrectly charged. Transaction from [IP_ADDRESS-19]. Follow up at [EMAIL-25] or [PHONE-28].,[PERSON-16],2026-03-13
TK-0021,[PERSON-39],[EMAIL-26],[PHONE-29],[ORGANIZATION-11],Critical,Resolved,Network,"New employee onboarding for [PERSON-39] at [ORGANIZATION-11]. Setup email [EMAIL-26], VPN access to [HOSTNAME-5], assign [ORGANIZATION-7] from [IP_ADDRESS-20]/24 range. Badge ID pending.",[PERSON-14],2026-02-27
TK-0022,[PERSON-40],[EMAIL-27],[PHONE-30],[ORGANIZATION-11],High,Open,[ORGANIZATION-19],Backup failure on [HOSTNAME-5] at 03:00 UTC. [PERSON-40] from [ORGANIZATION-11] needs recovery of files from [IP_ADDRESS-21]. [PERSON-41] at [EMAIL-28].,[PERSON-2],2026-01-07
[LOCATION-2],[PERSON-42],[EMAIL-29],[PHONE-31],[ORGANIZATION-8],Critical,Open,[PERSON-10],Workstation [MAC_ADDRESS-6] assigned to [PERSON-42] is not receiving [ORGANIZATION-2] lease from [IP_ADDRESS-22]. Tried releasing/renewing. IT contact: [EMAIL-29].,[PERSON-31],2026-01-13
[LOCATION-3],[PERSON-43],[EMAIL-30],[PHONE-32],[ORGANIZATION-8],High,Waiting on Client,Network,Password reset requested for [PERSON-43] ([EMAIL-30]). Account locked after multiple failed attempts from [IP_ADDRESS-23]. Manager [PERSON-44] approved the reset.,[PERSON-31],2026-01-12
TK-0025,[PERSON-45],[EMAIL-31],[PHONE-33],[ORGANIZATION-5],Critical,Open,[ORGANIZATION-19],[PERSON-46] reported VPN connectivity drops when connecting to [HOSTNAME-6]. Please check firewall rules for [IP_ADDRESS-16]. Contact: [EMAIL-31] / [PHONE-34].,[PERSON-16],2026-02-21
TK-0026,[PERSON-47],[EMAIL-32],[PHONE-35],[ORGANIZATION-10],High,Escalated,Hardware,Certificate expiring on [HOSTNAME-7] in 7 days. Owner: [PERSON-47] ([EMAIL-32]). Renew and deploy. Load balancer at [IP_ADDRESS-24] also needs update.,[PERSON-18],2026-01-26
TK-0027,[PERSON-48],[EMAIL-33],[PHONE-36],[ORGANIZATION-12],High,In Progress,[PERSON-10],Backup failure on [HOSTNAME-2] at 03:00 UTC. [PERSON-48] from [ORGANIZATION-12] needs recovery of files from [IP_ADDRESS-25]. Notify [PERSON-49] at [EMAIL-34].,[PERSON-14],2026-02-21
TK-0028,[PERSON-50],[EMAIL-35],[PHONE-37],[ORGANIZATION-1],Critical,Waiting on Client,Network,[PERSON-50] at [ORGANIZATION-1] needs access to [HOSTNAME-4] for the audit. Current IP whitelist: [IP_ADDRESS-26]. Approve via [PERSON-51] ([EMAIL-36]). Phone: [PHONE-38].,[PERSON-18],2026-02-05
[ORGANIZATION-21],[PERSON-52],[EMAIL-37],[PHONE-39],[ORGANIZATION-10],Critical,Waiting on Client,Hardware,Client [PERSON-52] ([ORGANIZATION-10]) reported [ORGANIZATION-20] ES748000257872982595269495 incorrectly charged. Transaction from [IP_ADDRESS-27]. Follow up at [EMAIL-37] or [PHONE-40].,[PERSON-14],2026-03-16
TK-0030,[PERSON-53],[EMAIL-38],[PHONE-41],[ORGANIZATION-5],Medium,In Progress,Software,[PERSON-53] at [ORGANIZATION-5] needs access to [HOSTNAME-3] for the audit. Current IP whitelist: [IP_ADDRESS-28]. Approve via [PERSON-54] ([EMAIL-39]). Phone: [PHONE-42].,[PERSON-2],2026-01-04
TK-0031,[PERSON-55],[EMAIL-40],[PHONE-43],[ORGANIZATION-8],Medium,In Progress,[PERSON-10],[PERSON-55] at [ORGANIZATION-8] needs access to [HOSTNAME-2] for the audit. Current IP whitelist: [IP_ADDRESS-29]. Approve via [PERSON-56] ([EMAIL-41]). Phone: [PHONE-44].,[PERSON-16],2026-03-11
TK-0032,[PERSON-23],[EMAIL-42],[PHONE-45],[ORGANIZATION-11],Critical,Open,Hardware,"Printer on [PERSON-58] ([ORGANIZATION-15] [MAC_ADDRESS-7]) not reachable from [PERSON-57] workstation. Checked switch port, no link. Contact [EMAIL-42] to schedule on-site visit.",[PERSON-6],2026-01-17
[ORGANIZATION-22],[PERSON-59],[EMAIL-43],[PHONE-46],[ORGANIZATION-12],Low,In Progress,Hardware,Client [PERSON-59] ([ORGANIZATION-12]) reported [ORGANIZATION-20] DE646567661825128682300478 incorrectly charged. Transaction from [IP_ADDRESS-30]. Follow up at [EMAIL-43] or [PHONE-47].,[PERSON-18],2026-01-20
TK-0034,[PERSON-60],[EMAIL-44],[PHONE-48],[ORGANIZATION-5],Medium,Open,Software,Certificate expiring on [HOSTNAME-7] in 7 days. Owner: [PERSON-60] ([EMAIL-44]). Renew and deploy. Load balancer at [IP_ADDRESS-31] also needs update.,[PERSON-16],2026-03-20
TK-0035,Aisha Dubois,[EMAIL-45],[PHONE-49],[ORGANIZATION-11],Medium,Waiting on Client,[ORGANIZATION-6],Certificate expiring on [ORGANIZATION-9] in 7 days. Owner: Aisha Dubois ([EMAIL-45]). Renew and deploy. Load balancer at [IP_ADDRESS-32] also needs update.,[PERSON-4],2026-03-18
TK-0036,[PERSON-61],[EMAIL-46],[PHONE-50],[ORGANIZATION-13],Low,In Progress,Security,User [PERSON-61] reported VPN connectivity drops when connecting to [HOSTNAME-3]. Please check firewall rules for [IP_ADDRESS-33]. Contact: [EMAIL-46] / [PHONE-51].,[PERSON-6],2026-02-21
TK-0037,[PERSON-62],[EMAIL-47],[PHONE-52],[ORGANIZATION-11],Critical,Waiting on Client,[ORGANIZATION-19],[PERSON-62] from [ORGANIZATION-11] reports slow response on [ORGANIZATION-9]. Traceroute shows latency spike at [IP_ADDRESS-34]. Escalate to network team. Ref: [EMAIL-47].,[PERSON-18],2026-01-01
TK-0038,[PERSON-63],[EMAIL-48],[PHONE-53],[ORGANIZATION-23],Medium,Waiting on Client,[ORGANIZATION-19],Workstation [MAC_ADDRESS-8] assigned to [PERSON-63] is not receiving [ORGANIZATION-2] lease from [IP_ADDRESS-35]. Tried releasing/renewing. IT contact: [EMAIL-48].,[PERSON-35],2026-02-11
TK-0039,[PERSON-64],[EMAIL-49],[PHONE-54],[ORGANIZATION-23],Medium,Resolved,[ORGANIZATION-19],"Phishing email forwarded by [PERSON-64] ([EMAIL-49]). Originated from [IP_ADDRESS-36], spoofing [ORGANIZATION-23] domain. Block sender and scan [HOSTNAME-3] for compromise.",[PERSON-16],2026-02-25
TK-0040,[PERSON-65],[EMAIL-50],[PHONE-55],[ORGANIZATION-4],Critical,Open,Software,"Printer on [IP_ADDRESS-37] ([ORGANIZATION-15] [MAC_ADDRESS-9]) not reachable from [PERSON-66] workstation. Checked switch port, no link. Contact [EMAIL-50] to schedule on-site visit.",[PERSON-6],2026-03-21
TK-0041,[PERSON-67],[EMAIL-51],[PHONE-56],[ORGANIZATION-10],High,In Progress,[ORGANIZATION-14],"Phishing email forwarded by [PERSON-67] ([EMAIL-51]). Originated from [IP_ADDRESS-38], spoofing [ORGANIZATION-10] domain. Block sender and scan [HOSTNAME-6] for compromise.",[PERSON-6],2026-03-17
TK-0042,[PERSON-68],[EMAIL-52],[PHONE-57],[ORGANIZATION-11],Critical,Escalated,Software,"New employee onboarding for [PERSON-68] at [ORGANIZATION-11]. Setup email [EMAIL-52], VPN access to [HOSTNAME-7], assign [ORGANIZATION-7] from [IP_ADDRESS-20]/24 range. Badge ID pending.",[PERSON-31],2026-02-16
TK-0043,[PERSON-62],[EMAIL-53],[PHONE-58],[ORGANIZATION-17],Medium,Resolved,Security,[PERSON-62] at [ORGANIZATION-17] needs access to [HOSTNAME-7] for the audit. Current IP whitelist: [IP_ADDRESS-39]. Approve via [PERSON-69] ([EMAIL-54]). Phone: [PHONE-59].,[PERSON-35],2026-02-03
TK-0044,[PERSON-8],[EMAIL-55],[PHONE-60],[ORGANIZATION-23],Critical,Waiting on Client,[ORGANIZATION-6],Workstation [MAC_ADDRESS-10] assigned to [PERSON-8] is not receiving [ORGANIZATION-2] lease from [IP_ADDRESS-40]. Tried releasing/renewing. IT contact: [EMAIL-55].,[PERSON-6],2026-01-01
TK-0045,[PERSON-70],[EMAIL-56],[PHONE-61],[ORGANIZATION-17],Critical,Resolved,[ORGANIZATION-19],User [PERSON-70] reported [ORGANIZATION-14] connectivity drops when connecting to [HOSTNAME-4]. Please check firewall rules for [IP_ADDRESS-41]. Contact: [EMAIL-56] / [PHONE-62].,[PERSON-14],2026-02-28
TK-0046,[PERSON-71],[EMAIL-57],[PHONE-63],[ORGANIZATION-23],Low,In Progress,[ORGANIZATION-19],Password reset requested for [PERSON-71] ([EMAIL-57]). Account locked after multiple failed attempts from [IP_ADDRESS-42]. Manager [PERSON-72] approved the reset.,[PERSON-14],2026-02-01
TK-0047,[PERSON-73],[EMAIL-58],[PHONE-64],[ORGANIZATION-11],High,Resolved,Network,[PERSON-73] from [ORGANIZATION-11] reports slow response on [HOSTNAME-5]. Traceroute shows latency spike at [IP_ADDRESS-43]. Escalate to network team. Ref: [EMAIL-58].,[PERSON-2],2026-02-27
TK-0048,[PERSON-74],[EMAIL-59],[PHONE-65],[ORGANIZATION-10],Medium,Escalated,Hardware,Certificate expiring on [HOSTNAME-7] in 7 days. Owner: [PERSON-74] ([EMAIL-59]). Renew and deploy. Load balancer at [IP_ADDRESS-44] also needs update.,[PERSON-14],2026-02-26
[PERSON-75],[PERSON-76],[EMAIL-60],[PHONE-66],[ORGANIZATION-13],Low,In Progress,[ORGANIZATION-6],"Phishing email forwarded by [PERSON-76] ([EMAIL-60]). Originated from [IP_ADDRESS-45], spoofing [ORGANIZATION-13] domain. Block sender and scan [HOSTNAME-7] for compromise.",[PERSON-18],2026-03-28
TK-0050,[PERSON-77],[EMAIL-61],[PHONE-67],[ORGANIZATION-23],Critical,Open,[ORGANIZATION-14],Password reset requested for [PERSON-77] ([EMAIL-61]). Account locked after multiple failed attempts from [IP_ADDRESS-46]. Manager [PERSON-78] approved the reset.,[PERSON-35],2026-01-15
TK-0051,[PERSON-79],[EMAIL-62],[PHONE-68],[ORGANIZATION-1],Critical,In Progress,[ORGANIZATION-19],Security alert: unauthorized access attempt on [HOSTNAME-1] from [IP_ADDRESS-47]. [ORGANIZATION-25] owner: [PERSON-79] ([EMAIL-62]). [ORGANIZATION-24] on file: [SSN-1]. Verify identity before proceeding.,[PERSON-16],2026-02-06
[LOCATION-4],[PERSON-59],[EMAIL-63],[PHONE-69],[ORGANIZATION-1],Low,Open,Security,Security alert: unauthorized access attempt on [ORGANIZATION-9] from [IP_ADDRESS-48]. [ORGANIZATION-25] owner: [PERSON-59] ([EMAIL-63]). [ORGANIZATION-24] on file: [SSN-2]. Verify identity before proceeding.,[PERSON-2],2026-03-12
TK-0053,[PERSON-32],[EMAIL-64],[PHONE-70],[ORGANIZATION-10],High,Resolved,[PERSON-10],"Phishing email forwarded by [PERSON-32] ([EMAIL-64]). Originated from [IP_ADDRESS-49], spoofing [ORGANIZATION-10] domain. Block sender and scan [HOSTNAME-3] for compromise.",[PERSON-18],2026-03-01
[ORGANIZATION-26],[PERSON-80],[EMAIL-65],[PHONE-71],[ORGANIZATION-12],Medium,In Progress,Hardware,Workstation [MAC_ADDRESS-11] assigned to [PERSON-80] is not receiving [ORGANIZATION-2] lease from [IP_ADDRESS-50]. Tried releasing/renewing. IT contact: [EMAIL-65].,[PERSON-14],2026-03-13
TK-0055,[PERSON-11],[EMAIL-66],[PHONE-72],[ORGANIZATION-17],Medium,Waiting on Client,[ORGANIZATION-6],Security alert: unauthorized access attempt on [HOSTNAME-6] from [IP_ADDRESS-51]. [ORGANIZATION-25] owner: [PERSON-11] ([EMAIL-66]). [ORGANIZATION-24] on file: [SSN-3]. Verify identity before proceeding.,[PERSON-18],2026-02-11
TK-0056,[PERSON-81],[EMAIL-67],[PHONE-73],[ORGANIZATION-17],Low,Resolved,Software,Security alert: unauthorized access attempt on [HOSTNAME-2] from [IP_ADDRESS-52]. [ORGANIZATION-25] owner: [PERSON-81] ([EMAIL-67]). [ORGANIZATION-24] on file: [SSN-4]. Verify identity before proceeding.,[PERSON-14],2026-03-02
TK-0057,[PERSON-1],[EMAIL-68],[PHONE-74],[ORGANIZATION-17],Medium,Open,Software,"Printer on [IP_ADDRESS-53] ([ORGANIZATION-15] [MAC_ADDRESS-12]) not reachable from [PERSON-82] workstation. Checked switch port, no link. Contact [EMAIL-68] to schedule on-site visit.",[PERSON-31],2026-03-11
TK-0058,[PERSON-83],[EMAIL-69],[PHONE-75],[ORGANIZATION-11],Medium,Escalated,Network,Workstation [MAC_ADDRESS-13] assigned to [PERSON-83] is not receiving [ORGANIZATION-2] lease from [IP_ADDRESS-54]. Tried releasing/renewing. IT contact: [EMAIL-69].,[PERSON-14],2026-03-06
TK-0059,[PERSON-84],[EMAIL-70],[PHONE-76],[ORGANIZATION-12],Medium,Resolved,[ORGANIZATION-6],"Printer on [IP_ADDRESS-55] ([ORGANIZATION-15] [MAC_ADDRESS-14]) not reachable from [PERSON-85] workstation. Checked switch port, no link. Contact [EMAIL-70] to schedule on-site visit.",[PERSON-16],2026-01-09
TK-0060,[PERSON-86],[EMAIL-71],[PHONE-77],[ORGANIZATION-8],Critical,Escalated,Software,[PERSON-86] from [ORGANIZATION-8] reports slow response on [HOSTNAME-4]. Traceroute shows latency spike at [IP_ADDRESS-56]. Escalate to network team. Ref: [EMAIL-71].,[PERSON-16],2026-01-17
TK-0061,[PERSON-1],[EMAIL-72],[PHONE-78],[ORGANIZATION-10],High,Escalated,Network,[PERSON-1] at [ORGANIZATION-10] needs access to [HOSTNAME-7] for the audit. Current IP whitelist: [IP_ADDRESS-57]. Approve via [PERSON-87] ([EMAIL-73]). Phone: [PHONE-79].,[PERSON-2],2026-02-26
TK-0062,[PERSON-88],[EMAIL-74],[PHONE-80],[ORGANIZATION-23],Critical,Open,[ORGANIZATION-6],Backup failure on [ORGANIZATION-9] at 03:00 UTC. [PERSON-88] from [ORGANIZATION-23] needs recovery of files from [IP_ADDRESS-58]. Notify [PERSON-89] at [EMAIL-75].,[PERSON-14],2026-02-23
[LOCATION-5],[PERSON-90],[EMAIL-76],[PHONE-81],[ORGANIZATION-11],Medium,In Progress,[ORGANIZATION-6],Workstation [MAC_ADDRESS-15] assigned to [LOCATION-6] is not receiving [ORGANIZATION-2] lease from [IP_ADDRESS-59]. Tried releasing/renewing. IT contact: [EMAIL-76].,[PERSON-35],2026-03-27
TK-0064,[PERSON-91],[EMAIL-77],[PHONE-82],[ORGANIZATION-11],Low,Open,Network,User [PERSON-91] reported VPN connectivity drops when connecting to [HOSTNAME-7]. Please check firewall rules for [IP_ADDRESS-60]. Contact: [EMAIL-77] / [PHONE-83].,[PERSON-16],2026-03-07
TK-0065,[PERSON-92],[EMAIL-78],[PHONE-84],[ORGANIZATION-1],Medium,Escalated,[PERSON-10],"Printer on [IP_ADDRESS-61] ([ORGANIZATION-15] [MAC_ADDRESS-16]) not reachable from [PERSON-93] workstation. Checked switch port, no link. Contact [EMAIL-78] to schedule on-site visit.",[PERSON-31],2026-02-16
[ORGANIZATION-27],[PERSON-94],[EMAIL-79],[PHONE-85],[ORGANIZATION-17],Critical,Escalated,Security,"Printer on [IP_ADDRESS-62] ([ORGANIZATION-15] [MAC_ADDRESS-17]) not reachable from [PERSON-95] workstation. Checked switch port, no link. Contact [EMAIL-79] to schedule on-site visit.",[PERSON-35],2026-02-13
TK-0067,[PERSON-96],[EMAIL-80],[PHONE-86],[ORGANIZATION-17],High,Escalated,Software,Backup failure on [HOSTNAME-4] at 03:00 UTC. [PERSON-96] from [ORGANIZATION-17] needs recovery of files from [IP_ADDRESS-63]. Notify [PERSON-97] at [EMAIL-81].,[PERSON-16],2026-01-14
[ORGANIZATION-28],[PERSON-98],[EMAIL-82],[PHONE-87],[ORGANIZATION-12],Medium,Open,Software,Backup failure on [ORGANIZATION-9] at 03:00 UTC. [PERSON-98] from [ORGANIZATION-12] needs recovery of files from [IP_ADDRESS-64]. Notify [PERSON-99] at [EMAIL-83].,[PERSON-16],2026-02-22
[ORGANIZATION-29],[PERSON-100],[EMAIL-84],[PHONE-88],[ORGANIZATION-5],Medium,Resolved,[ORGANIZATION-19],User [PERSON-100] reported VPN connectivity drops when connecting to [HOSTNAME-3]. Please check firewall rules for [IP_ADDRESS-65]. Contact: [EMAIL-84] / [PHONE-89].,[PERSON-31],2026-01-19
TK-0070,[PERSON-101],[EMAIL-85],[PHONE-90],[ORGANIZATION-8],High,In Progress,[ORGANIZATION-14],[PERSON-101] from [ORGANIZATION-8] reports slow response on [HOSTNAME-1]. Traceroute shows latency spike at [IP_ADDRESS-66]. Escalate to network team. Ref: [EMAIL-85].,[PERSON-16],2026-01-14
[LOCATION-7],[PERSON-102],[EMAIL-86],[PHONE-91],[ORGANIZATION-10],High,Resolved,[ORGANIZATION-6],Workstation [MAC_ADDRESS-18] assigned to [PERSON-102] is not receiving [ORGANIZATION-2] lease from [IP_ADDRESS-67]. Tried releasing/renewing. IT contact: [EMAIL-86].,[PERSON-4],2026-03-26
TK-0072,[PERSON-103],[EMAIL-87],[PHONE-92],[ORGANIZATION-5],Critical,Escalated,[PERSON-10],Password reset requested for [PERSON-103] ([EMAIL-87]). Account locked after multiple failed attempts from [IP_ADDRESS-68]. Manager [PERSON-104] approved the reset.,[PERSON-2],2026-02-16
TK-0073,[PERSON-105],[EMAIL-88],[PHONE-93],[ORGANIZATION-11],Medium,Open,Software,"New employee onboarding for [PERSON-105] at [ORGANIZATION-11]. Setup email [EMAIL-88], VPN access to [HOSTNAME-3], assign [ORGANIZATION-7] from [IP_ADDRESS-69]/24 range. Badge ID pending.",[PERSON-2],2026-01-23
[ORGANIZATION-30],[PERSON-106],[EMAIL-89],[PHONE-94],[ORGANIZATION-8],Critical,Escalated,[ORGANIZATION-6],User [PERSON-106] reported VPN connectivity drops when connecting to [HOSTNAME-6]. Please check firewall rules for [IP_ADDRESS-70]. Contact: [EMAIL-89] / [PHONE-95].,[PERSON-31],2026-01-08
TK-0075,[PERSON-107],[EMAIL-90],[PHONE-96],[ORGANIZATION-11],Critical,In Progress,[ORGANIZATION-14],[PERSON-107] at [ORGANIZATION-11] needs access to [HOSTNAME-7] for the audit. Current IP whitelist: [IP_ADDRESS-71]. Approve via Aisha Brown ([EMAIL-91]). Phone: [PHONE-97].,[PERSON-4],2026-03-10
